"","Speed","Total power"
"1",0.3553188239112,0.181735271086942
