"","Speed","Total power"
"1",3.65454390062017,2.18171161846755
