"","Speed","Total power"
"1",0.827607398764265,0.149898497404781
