"","Speed","Total power"
"1",1.85548264845794e-08,1.64643037622687e-08
