"","Speed","Total power"
"1",0.0139344539794439,0.0131449522308311
