"","Speed","Total power"
"1",3.35452137565149e-05,3.35439471192948e-05
