"","Speed","Total power"
"1",1.67001395134481e-08,1.64543923618219e-08
