"","Speed","Total power"
"1",0.000274457868287915,0.000273485036683531
