"","Speed","Total power"
"1",1.6708223078738e-08,1.64594265217464e-08
