"","Speed","Total power"
"1",8.43339638198712e-06,7.56289844199922e-06
