"","Speed","Total power"
"1",0.00291321445412086,0.00289723386806913
