"","Speed","Total power"
"1",0.000902457390102613,0.00090038494541614
