"","Speed","Total power"
"1",3.31234162584707e-05,3.31206985711368e-05
