"","Speed","Total power"
"1",8.71052728229867e-05,8.28969916372472e-05
