"","Speed","Total power"
"1",0.0488777440526248,0.0476037439665105
