"","Speed","Total power"
"1",1.72478403222606,0.868321230553552
