"","Speed","Total power"
"1",82.6726545478516,26.4216398993451
