"","Speed","Total power"
"1",69.9927363790852,19.1619991147983
