"","Speed","Total power"
"1",35.1866733065112,19.0298454948349
