"","Speed","Total power"
"1",27.9245780275436,14.4964587643828
